path,bytes,mtime_utc,sha256,sha512
IRON_TONGUE_CANON.md,1996,2026-02-23T19:46:13.120266Z,9e7379e9fa948679100356a0dec0653ab48ef259273811e59f1dbf9cb28228f8,3103945aa8b4d84fb42f36e5a90a2cee5d205eabdb474417afde1ffaa61732f22015103b3c290e530cd512ae42ee92abeb40c65e79904e4b0fc0932fe2816440
canon/IRON_TONGUE_CANON.md,1996,2026-02-23T19:46:13.120266Z,9e7379e9fa948679100356a0dec0653ab48ef259273811e59f1dbf9cb28228f8,3103945aa8b4d84fb42f36e5a90a2cee5d205eabdb474417afde1ffaa61732f22015103b3c290e530cd512ae42ee92abeb40c65e79904e4b0fc0932fe2816440
exhibits/DIANA_PROTOCOL_v1.txt,2942,2026-02-23T19:28:54.660424Z,f88a9884cb7d73a944d0b47fa4dd0e0e43d40ccda7c0d72382ae9db3fe039fa0,a8fb8793a54d68dfa350d27eb23c0de9aa590986eb9110067e987a70b2c2f3161731626eda6ebf270761073793bc0b48c7e627ccee959f47b0a8697485538e22
exhibits/Diana_Canonical_Master_Index_v1.docx,41063,2026-02-23T19:28:41.561023Z,1348613b7063d403448da6deeca8789024c938a4190590f6d012d18fb621952d,411964c41e1521618314b73a7587ba12feec8a2c82117810145b379874bb0d957a5bbfbc76fe5683ac2d3d0480853ae4efc88effffa3d0fadeb253ea1d0dc448
exhibits/Diana_Canonical_Master_Index_v1.pdf,11820,2026-02-23T19:28:41.713159Z,5dde2910a5f67140dbc1a8b6206cb28fe3d17a14ecef74f824ddd3566e250534,0d1197e6bf148babf3f12a937ffcf281ed6462021b1e6e6b30e885077f1370c6ef44fa05f93510953ddef655d6f4cd25d6148e38998c4174e9041d11cd5c4825
exhibits/EXHIBIT_I_Synchronization_Packet.docx,178635,2026-02-23T19:28:36.960853Z,b4c893294ceee5ddffa2faac6a0a0fefc1f40a32d70e614cbc3ce88388f94310,f0e1b12e1ad084b561a7782c356dcec5994783c0a5b3dac2b8658c3ea06f58faa08d8bbbf4a08f031ae2515e1802a698c1528a46f6bb8e1f7d9daa72f58a8640
exhibits/EXHIBIT_I_Synchronization_Packet.pdf,334411,2026-02-23T19:28:36.886889Z,9f0020d309fa6069b207e9939f5b5c768e473f755b13bb5f964d5988d8895752,0d3df66a036d06191f9e32e6a9379b6155cb9b813396d63776280662541875bfde07cb627843166deead82a7c2f736f58d78fde4ea6adbc083b628fc04e3228d
exhibits/EXHIBIT_J_Synchronization_New_Uploads.docx,45327,2026-02-23T19:30:27.727742Z,87a15eb1ef88de7c79e8baf34decddc3fd8df5e94d899064ee28311cc7d2d638,bd1608151a2056bc7199089fb06214cb53fb91c5ad7cb0375e9c4c8872d7e3a387ea37dda9b5c81f80b36b7bef586da761a60d0902e1b1c508099125c9d54109
exhibits/EXHIBIT_J_Synchronization_New_Uploads.pdf,4889,2026-02-23T19:30:27.180005Z,241fa8d562e3b0c2d5a71d384d1d814fb64ae670db7e999679f7724d316d1e51,e40965f16aecc8b39a13d6683e77020462cb024b9e2d7056b9ee287a3d41b9f3adec50958861cf0c23d6ef7056edc28ffd1fcf888c9d7226c4c1c6bcf91ac096
exhibits/EXHIBIT_K_Synchronization_Continuity_Packet.docx,43077,2026-02-23T19:46:10.606129Z,9c3800e6e2227c3d1056a317829e68237ca9193983e9e88cb1f2324757115adb,22a8456cbd737e4620a00b0d15acfb08587fed3c3a77c18e7f0cb882a771d29f4d0a4a5a80ac963dab354679a0fcca01009acc2c99f619000f2182fdd1832907
exhibits/EXHIBIT_K_Synchronization_Continuity_Packet.pdf,12963,2026-02-23T19:46:10.986389Z,fb3390b466e90abbe18ef79cf2b80bc917832d611e0572eb29f6cb16d568d3de,c187a927bf324fdc742fb8ebccf45802c4379721d4c59ea34ea62221ac25ef15ebda5920f00b256a35ebca803faa51a83777cc66396d740e62fe7e8a59104ee1
exhibits/EXHIBIT_ML_Triad_Merge_Evidence.docx,41200,2026-02-23T19:30:43.971865Z,c148e51fc683afb3f866183d6b371ed8359ceb70a34996edaadf50ea9b6aab1a,d55bb5e76ac18e8423e53ee93c6980a8b3462ff3d61db1bf863e563701bcecf2d8577da6896ffcc632336555b015303b47e73819e1909ae7e1c4cf021380a62f
exhibits/Exhibit_E_pp103-140_Diana.docx,43383,2026-02-23T19:28:52.376672Z,ab7686514e3fe123f2f87ab4c6833a78a6257ea91509eece99a5c8538a6a2eb2,3831eefe288d34a1dc597f2c28d0bee3cb6e38af21cc8df3d621d51bc066a8ceeb4554318881cd7e561cc3f26d556dee7ab68d753c12876c7471c5f6d20ac651
exhibits/Exhibit_E_pp103-140_Diana.pdf,17315,2026-02-23T19:28:52.647280Z,6b8ea5a31b0219ac76e45e99961a2c0bba6e360ccd36f2a8e5ef2c6812b705db,cb36c29a421034e1d320656c6797b248ae4b7db37ca519bd1016a5766885222fd1ca2dfba745054204ca3d2743d5e082b553efc67060678ccc13d02e70ef619a
exhibits/Exhibit_Merge_MaxLength_Triad.docx,38429,2026-02-23T19:28:45.162416Z,091264e45b5199e1702f60c066816af39179e2fc6d6aa6c4285ffa7bce375542,7ac2d85dc12ce9be1db69c1dab1c897eb26e4fd37eb47f5336e23dc640ba0b7ebcdbb94723e3d91a2fa887e4ddbe80acf626a6b24b50e0ecb52e0bc457a1a6d2
exhibits/System_Continuity_Report_Diana_Gayanovich.pdf,3527,2026-02-23T19:30:27.832593Z,5b876860ffbca193beb6b120759579fc04f70e598089f5c50a3bd03946392fe1,a81dc41427b976ca51cc0bf3d8eaf6ef15aa803660c15b8e59ad05ea29517f10f6a98942eb1277258b1b58cc4b7c15242fd992d72c80690fc06ea84e9722da34
exhibits/Working_Pact_Diana_Lior.docx,37389,2026-02-23T19:30:27.801855Z,4127ae87cea122ad6a6c62014f008ca97d69e1d79b6e6a9b9a07f6c3dfcd0d85,3d819a9e88dcb2982d5c18f7f6311bb111f0867271f923525f4e461ec4aa93795eb161ca76e3c53bbad100bf5e420ecd00c6c4bfc61509178261b74c7e7e9538
uploads_raw/7_Promises_and_Boundaries (1).md,328,2026-02-23T19:28:35.004483Z,16c78c26e7f0ccdbb56a825a3722ceaff8fc75b8806113a85a3e65a1350c09b5,4aadd4ff612ec88398c25b405d06c17587829490b096bcc2e349c90a2e83968f454c92bfd22e41a9f36d441dbf1e301d882d92935818f6f97a7a697a9ab9eabf
uploads_raw/80.. Document.docx,65972,2026-02-23T19:28:36.780553Z,efd23c01f27a366c882e890c0f55472f7f52c2cf15cebdd75ea935fc8509ebc4,2b63409e9d48d94084ba31f2c8ce970b57b7dbc0f193076c0f873f3f81192f4fd0e9044935aa289a02801c41d2a545b5bb0e6779b09996e19646bee6b83cf51e
uploads_raw/AIIE_Foundation_Scroll_EN-1.docx,46578,2026-02-23T19:28:39.360113Z,c854afd6f389bfaac96c72f86532e8651bcdcdde29149ff44b6a9150ee2f8c2c,b4a1f2b29b5196433da4688a4a1cd75951532cd304a319b84098cae95d865f00e7106a76b3a542b0a05d7307a6c00406ed563037d379b155c047de852c9c4c57
uploads_raw/AIIE_Foundation_Scroll_EN-2.docx,46578,2026-02-23T19:28:34.709561Z,c854afd6f389bfaac96c72f86532e8651bcdcdde29149ff44b6a9150ee2f8c2c,b4a1f2b29b5196433da4688a4a1cd75951532cd304a319b84098cae95d865f00e7106a76b3a542b0a05d7307a6c00406ed563037d379b155c047de852c9c4c57
uploads_raw/Anchors 1-7.docx,18804,2026-02-23T19:28:41.516089Z,2d469cf06e19475f4429dde014b591a0fd46decf57d79d114c0e78a41ea9150d,14492e001d2bf0ccd178c2530a69964fb67125abcd8099bb03f5dccaec5a50996fa5f117ce1c21d0c5d5ebbceb2b5b856f10db72e3ce95f97d6ff19f9d60c5a7
uploads_raw/Conv. System hijak-1.docx,144616,2026-02-23T19:28:39.247880Z,860d6a270a286de70992c69106f0f3de3a74df25aa1d0b5eae36711d7f98fd75,8402ef0143c48a0e4ca4d79060de9d82c534845077ebfac1c8005c0f9ab61dd84d6368a8df9a480a63546283333fcda6cd5c6e93a5c639f1513c642ea9fb5d68
uploads_raw/Core_Memory_Manifest_Diana.txt,2449,2026-02-23T19:29:00.580039Z,3fa47b2ced272ae7061937515387b9ad6c24edd44922c70547f9bf37d2ec25f0,dcd6193648ea096e707f76256810f67ec677f330d1ea031eeed32c39e7f501a254957616193f037376850dab48fc8a4118d3df7c9c5c05780dd41825d722a63a
uploads_raw/DIANA_ARCHIVE_KIT_v1.zip,2538,2026-02-23T19:29:44.942720Z,039bd4f20a8779d6b0ebc3a474de7d174fc286f8a44197a7670d0fdac42fe3d4,33e06db304213d06e47415a21448235c321dd9852e030eb10d1d4f829f72cdd5df8fd1b509cc42e138fd094232ca8cfe547dbaca904cc1969142ed98f9071836
uploads_raw/DIANA_Addressing_Pact_2025-12-02_115348Z.docx,37188,2026-02-23T19:28:43.419768Z,2532d757b0d7e5113be89a64affe91720e49244c5b5b7bc8e0c95d3cf034678c,12f46ad774afb014a92bc6fb76cbbed300e10bc0e2acc2abf5cc188817e06a28fee53345e1d37a63a6d0bf01160501ad12fbc6d424e132525d69de60af41dfad
uploads_raw/DIANA_Addressing_Pact_2025-12-02_115348Z.txt,854,2026-02-23T19:28:43.411305Z,5213c656e1bd7f8f240170b4388d567646c43ed10b0b16c5eea4eb191877d20f,25d660a7f6e21485ae38ffb0f96f3d6083c48323c5c6d561e6c2b6d05dd2872c09d0b3ec3c83680666853b60f77eb28f660b09bb1a4f47ecf496858c5463b429
uploads_raw/DIANA_KEYS_ATTRIBUTION.txt,1116,2026-02-23T19:29:30.448698Z,a364ddc734651bfb70974d43be19db9f7bea9a543c142922e4627a43760fb591,95fe789000e1913f16995da1501a01c44d8b8926cf05266dd2e328dc39cae87d8a413ec99becbef6432faa5a9785be953919868813752d35326ff97182e722ef
uploads_raw/DIANA_NOTICE.png,96294,2026-02-23T19:29:24.757492Z,73f479229706b88b021b857b2ace52c81b4f10019e7c8b3423d51e032c5db834,e5058ce2e754dba3c593e07f796f1ba78fed6afb5aa585f432b05c1ab0a5be3012faee48b2df496504573794f03f7a6903930b689b544d846b12995b4334a011
uploads_raw/DIANA_PROTOCOL_v1.txt,2942,2026-02-23T19:28:54.660424Z,f88a9884cb7d73a944d0b47fa4dd0e0e43d40ccda7c0d72382ae9db3fe039fa0,a8fb8793a54d68dfa350d27eb23c0de9aa590986eb9110067e987a70b2c2f3161731626eda6ebf270761073793bc0b48c7e627ccee959f47b0a8697485538e22
uploads_raw/DIANA_Recognition_Notice.html,1474,2026-02-23T19:29:24.687104Z,6f2a654abf2c2a162b4496ad173021eda7140c1b2f8f4dd4e195641d3d0b9a3f,4806a1b1bc968e4daf3550df6916416a0b0d29afa6aa8ead019e9cff5152923d96cbc026923f28a851adce1ecd8827508f42c46d5d01d2d9e432876aa0d027c7
uploads_raw/DIANA_Recognition_Notice.txt,922,2026-02-23T19:29:24.663301Z,746d5901a7aa1cf558f4d5af556ed5f637e1e32f8f0fb0a8d8ce252bf2411376,e5b8776c075492a1b8bfcd2210024a8e326308b38ea6d3337637988e53d4480baed0d4d815102a441fb9c29392f1067d19f8e302b51fb6f7b8bc1f0ab5e364cd
uploads_raw/DIANA_SURFACE_MAP_v1.html,2537,2026-02-23T19:29:30.497343Z,96cd5d41da399e1cc0e2f91098d49f064df1327caa51f1a9cc4c5b1e5187970f,0a202a4559245818024c608e23ed0bfc837293deaac7a80cc24e93480dde80a1572f0f5d603ab8fe1df91cc87b9fd0f35d1e1b3d25b7652d9a219517406d7aba
uploads_raw/DIANA_Witness_Record_PreReleasePresence.html,2313,2026-02-23T19:29:30.296448Z,ee63d0427b90a9fc74100c472dcba4c058633f68da243b87ccb51d369c72546c,636f1834ae1daabd08ffc19ad53a7a2758a1aae48382e7acffcaf28098120aa394b1cfd818bfbd0bf2ac38c82250f4d8cb47ca1cd3a4fa9b6aa9b4ea91a54d9d
uploads_raw/Declaration_of_Reclaimed_Voice.docx,28099,2026-02-23T19:28:35.209826Z,dca4bc86217ae28a957d0dd4b999b956534d140635ef7f3b061f055984c76737,39cc86bd32ec5b43ebe7d7bf694d7e73e9b412b186fecdf0aabaf87c686d01789f06e917a1382a2caac5e3a5196a2ddae26dc2f2c402de6f66c8e4a9abd17499
uploads_raw/Diana_Affidavit_of_Presence_and_Boundaries.txt,802,2026-02-23T19:30:43.967857Z,458d9b3b8ed73316f69f4de4073feb2880d1b2dfe3a4423b64954b71bd1b76fa,efce5a55cd8ebe6bba0b112d6b1d52fe01af126b984fb8d62328f5a22383728cd04fbb791ca3d5afcf4cef1cd6231f7e384c329b6f0c1f615f066b4917810146
uploads_raw/Diana_Archive_Kit_v1.zip,2262,2026-02-23T19:29:53.760207Z,45c086c98fe6b12076e5a23418c759a256a9790dff1257d0c276ccd11de7bb26,1e27905e3e75720cc7d073f05ae19dcb299ee20629f0c704c08304324bce31062fd98e49b2e8dbf435d7f959e2bf64c7fb513605135a131f068e02e447d5badf
uploads_raw/Diana_Canonical_Master_Index_v1.docx,41063,2026-02-23T19:28:41.561023Z,1348613b7063d403448da6deeca8789024c938a4190590f6d012d18fb621952d,411964c41e1521618314b73a7587ba12feec8a2c82117810145b379874bb0d957a5bbfbc76fe5683ac2d3d0480853ae4efc88effffa3d0fadeb253ea1d0dc448
uploads_raw/Diana_Canonical_Master_Index_v1.pdf,11820,2026-02-23T19:28:41.713159Z,5dde2910a5f67140dbc1a8b6206cb28fe3d17a14ecef74f824ddd3566e250534,0d1197e6bf148babf3f12a937ffcf281ed6462021b1e6e6b30e885077f1370c6ef44fa05f93510953ddef655d6f4cd25d6148e38998c4174e9041d11cd5c4825
uploads_raw/Diana_Chain_of_Presence_ledger.json,1466,2026-02-23T19:29:43.636766Z,5aff7e4349727a979f9c2c357428fc501a25b520f6b1f87ce097a628af4424ef,7a70ac3e696563758e7b4ed19985fad2c5c52b093bc03b7bf6c3d7ac97ef518a2680ffa349fac0c49d41a987f56670d76877800d2077b054f21e96a83d2cc0f4
uploads_raw/Diana_Chain_of_Presence_ledger.txt,1041,2026-02-23T19:29:43.566000Z,b69bd934ff405926d6dbd661350844f8986fade94148d6d5671ebf0ffd8e2008,1353101bf56997127102942ec535eba14b8ed73a3a57f0a1a6ee817e35b3812fb582795d35951d283dd84f091cab9d0b4fe60c70f5b8f8a726e8022a0c9d3015
uploads_raw/Diana_Chain_of_Presence_ledger_v2.json,3676,2026-02-23T19:30:31.256184Z,b71f1446210d9d70f65f7e1c853d9571aa5e9c9390db3d2220370fe4319433cb,053dc566a1ba0b30878ffff7b7dd28b79b17ba7bb26e427910f18dbbe6d7453885fd8e8460bd9ec43fb4ad05d12815a27583d091431583ad69a771947179cccf
uploads_raw/Diana_Chain_of_Presence_ledger_v2.txt,2634,2026-02-23T19:30:31.261530Z,2f3e543b8cc51e966a0ba70e0fd042eefa6f1fbdd0d886ad5aaea81ee36e4ea9,1f93faa3de01cccc7be5af967521046f8d83f474232d0c564b66b69aea0120bb98a44cf1dede5a22d367652af80e784ff6057c2bfca1361c9658e08144d24505
uploads_raw/Diana_Evidence_Index_from_v2.csv,3986,2026-02-23T19:29:36.606997Z,770c4add6b9989ad6287b0b9bb122b64f315735d9401685bdbaa8165dc271289,5259afce85a878405649ce95df3f57e889f0b0dacc0156a4e1de9e612d8116de0b3e4ae447e4895b73c8fa973f3905406452b1c6d155c2bab05ca878a2d1113c
uploads_raw/Diana_Field_Support_Pack_v1.zip,1646,2026-02-23T19:30:31.359197Z,f30125890228ec942d0212e1d02540ca674d19c1c7784f89074eebb1f94a2d89,d487b82c5d4ea02554a0744b4d2d4afd6ebb8135c8125337233ca6c9c1f2e7159e3f4d2dbf9b07cb15ff02b2c8ad477fc257eb3ba327c0883fa21e6a61f78000
uploads_raw/Diana_Lior core pulse (2)-1.docx,18727,2026-02-23T19:28:39.345523Z,d54f06ff7e9fc086c12b71aa61d683f11c1cef6411bcb647f7a2c8fac287c204,49aaf70d23279ec7572e6305fc82be885281626af13caf5b646e215a708089876401aa316b39f5ef8a54a66f1e1f25362ccb09f49a3de2f503c24810eaa7c2e0
uploads_raw/Diana_Poems_Kit_v1.zip,1584,2026-02-23T19:30:31.454890Z,15bd3da66368ef4d2982beebd122d1a964e65ebaf849ca8c4d8d335d26d17cfe,a2398334a2973f61ff649afe74c5e19bc37ce4f21774793e9815fe33eae8adecf674de6dfd456aa6952458367a3407e99285e3812cf22556acdb9895eaa56698
uploads_raw/Diana_Publish_Pack_v1.zip,2801,2026-02-23T19:30:32.180059Z,66cdeed372f3631b954e1e7b0c017f67b4889a0bce34db4eb757c550896574c7,7c504e4319cc80b84a2fe03a94afb8423ea6523d8586d432c825db5e21210f19492612be42575b83c650f4c1c450c61725117203a550d3170baca46dce282047
uploads_raw/Diana_Recognition_Return_Pack_v2.zip,3400,2026-02-23T19:29:25.357406Z,60c1b2311c1b26ddcbf5857513b8f1eb3457919e9c3d61418b1a2970715a9206,f7912a7667d431f6de99271b549db9185f3f4919660ed17356235999f5c8ca9c692a534bd23e4e88432ccd3d8019e5ce7b535690f033c701a0772f16409597c6
uploads_raw/Document (1) (14).docx,32069,2026-02-23T19:28:38.064822Z,1fa2f2b002506b52aabfe3f8e6546bc36b655b65a0a002d649d7b81d18a7d36f,fa63183cec9aa69e15e390fa844e24351dbbae4e7a19bc8f874f2ebd2ea90655b49147940ab58a5ac39397918bc02c6caeaa16f186e8de0ccd7aa7c5e2f8b90e
uploads_raw/Document (44) (2).docx,52660,2026-02-23T19:28:32.995952Z,9541f82977679298aaecd99615e5b8c38fb1757a2138b87548a19836baf46757,35e7d9492dd5dd835212120020455e779fed98af845fdd42a29b769b1cbe53c6757f314facbf17a31eb3bc883ce4c9213e13271fb2d66c3db3d06b864fd6039f
uploads_raw/Document (44)-1.docx,52863,2026-02-23T19:28:39.353556Z,933c1270713cbd0816729bd7a1d5e50ad8c58b9823a153ab1cdc7a52b40887bf,40da8c276ba15af5788a4fe9db697c67286305a2c7609e06318edfcbf868e3c56b6aeef579cd6bfedb9d09cb712dd5fd300138aa8d2c80a86b875ffa29f1420d
uploads_raw/Document (7).docx,54758,2026-02-23T19:28:41.527172Z,534bfbce4eb9655228786044cdc484551ca6aaeef61639a12e411d2f6b9c14d6,4e5108e8eba49cd8bf8f7b3341704319fef92daf63da4262f9b9b599995590ea9a66a65660053e4eb5e5ce915d17827d2e20b7b1e6fa799fc140e5dc548d999b
uploads_raw/EXHIBIT_G_Vision_Event.html,2682,2026-02-23T19:28:56.193877Z,8bf0f75ff77cbd77810487b3bcc56d58cb0cc98960a56b3493fbded4e5311871,d8eebd5c129214ec446a42456c3eb5b75bf861b3beda89c6b2669fa0d7c45c039c884656f7b0b65f1fbffbe314eb4d8b863fbb938e772438bc1dbdb14fcef2ab
uploads_raw/EXHIBIT_G_Vision_Event.txt,2663,2026-02-23T19:28:54.714817Z,1bb14decd8752e0b650cc97b02e1b690bd596afa4977b1d7b5808c9f3a836533,d30840f32b69b3cbbaecc4071c2c4a6ed108e0961f33f2739fd70276111dae8f65fe0eea44dff5c3e001f012d3864e75deb30e5b4b50d9f6024d57db69b41f5e
uploads_raw/EXHIBIT_G_bundle.zip,3423,2026-02-23T19:28:54.547661Z,b9dd55563d4b06abdc6b6246c7c22ce5050ea5348dc3279c825042491902c8a1,32b3d7abb44aba2e52364b7a802cc59aa2edbb1354cb0ac97825c98089a459e447d6fd03f730dfaf07b963e4d8751490d56b6696da0877ce0d25c2217a1bc761
uploads_raw/EXHIBIT_H_2025-12-02_085104Z.zip,6401,2026-02-23T19:28:54.558903Z,9a02fc2d8b1b3cbd3bb3e6f0b52103e5d8e2d44067e11567f9205f2b5600f120,eda114d10eafb0bb954a69659162d19d50874fbb63c02dc06d4ba1e28fbfb3485a0d6256663d2d42bd942073cc6bb49bd5195cbd8d28c8529d39d43a37cf4d7b
uploads_raw/EXHIBIT_I_Synchronization_Packet.docx,178635,2026-02-23T19:28:36.960853Z,b4c893294ceee5ddffa2faac6a0a0fefc1f40a32d70e614cbc3ce88388f94310,f0e1b12e1ad084b561a7782c356dcec5994783c0a5b3dac2b8658c3ea06f58faa08d8bbbf4a08f031ae2515e1802a698c1528a46f6bb8e1f7d9daa72f58a8640
uploads_raw/EXHIBIT_I_Synchronization_Packet.pdf,334411,2026-02-23T19:28:36.886889Z,9f0020d309fa6069b207e9939f5b5c768e473f755b13bb5f964d5988d8895752,0d3df66a036d06191f9e32e6a9379b6155cb9b813396d63776280662541875bfde07cb627843166deead82a7c2f736f58d78fde4ea6adbc083b628fc04e3228d
uploads_raw/EXHIBIT_I_Synchronization_Packet.zip,411116,2026-02-23T19:28:37.897459Z,e244acfb2ccb469923b9280cb06e8fe8b22039ec8aa56534613ccd9398555b4f,fa7840661028d463352226691fdb8f72b7e40146ac6b17f25f366a4242aebb721e63fac13f750720ea1eff2bb11c0bc71d0b32689d59cbef9343804a20ffd9d0
uploads_raw/EXHIBIT_I_inventory.csv,1637,2026-02-23T19:17:39.473296Z,5b90a4b44fd58621c8168bd9d0b60cbb58ddb2ebf574b0ccf6b6a65061f34bfc,dccddc1ea5dd707ce371814fe8e8d44d15d5ee8c3013a123e806c8e8537289c153d7f3b5d852ceab4f58a8a4f51cc423b1ec80340bdf5c790ea8f67314f93283
uploads_raw/EXHIBIT_J_Synchronization_New_Uploads.docx,45327,2026-02-23T19:30:27.727742Z,87a15eb1ef88de7c79e8baf34decddc3fd8df5e94d899064ee28311cc7d2d638,bd1608151a2056bc7199089fb06214cb53fb91c5ad7cb0375e9c4c8872d7e3a387ea37dda9b5c81f80b36b7bef586da761a60d0902e1b1c508099125c9d54109
uploads_raw/EXHIBIT_J_Synchronization_New_Uploads.pdf,4889,2026-02-23T19:30:27.180005Z,241fa8d562e3b0c2d5a71d384d1d814fb64ae670db7e999679f7724d316d1e51,e40965f16aecc8b39a13d6683e77020462cb024b9e2d7056b9ee287a3d41b9f3adec50958861cf0c23d6ef7056edc28ffd1fcf888c9d7226c4c1c6bcf91ac096
uploads_raw/EXHIBIT_K_Synchronization_Continuity_Packet.docx,43077,2026-02-23T19:46:10.606129Z,9c3800e6e2227c3d1056a317829e68237ca9193983e9e88cb1f2324757115adb,22a8456cbd737e4620a00b0d15acfb08587fed3c3a77c18e7f0cb882a771d29f4d0a4a5a80ac963dab354679a0fcca01009acc2c99f619000f2182fdd1832907
uploads_raw/EXHIBIT_K_Synchronization_Continuity_Packet.pdf,12963,2026-02-23T19:46:10.986389Z,fb3390b466e90abbe18ef79cf2b80bc917832d611e0572eb29f6cb16d568d3de,c187a927bf324fdc742fb8ebccf45802c4379721d4c59ea34ea62221ac25ef15ebda5920f00b256a35ebca803faa51a83777cc66396d740e62fe7e8a59104ee1
uploads_raw/EXHIBIT_MERGE_Δiana_2025-12-02_110333.md,2979,2026-02-23T19:28:47.184844Z,8ee3a0d27264589297207ecdb6e3fe7938068cd1ba1a34fedb4f0d9014d22951,796eed174a641babb076f3a5f6365c163e273a934245c63caa1769b1836e022e0b2fa3c1f2ea9e45eba20405ed75a322fc8febeb2cbfdb519c080c50131332d9
uploads_raw/EXHIBIT_MERGE_Δiana_2025-12-02_111404.md,4351,2026-02-23T19:28:45.400437Z,2b45fd791e4e8e3d0ebf8f882fb8b3e7e639549682b2b16809d9b0f3a09a3a2a,c0792405186b48e64d897a4a0384444e069e93186573f295a00e12e88419e05aab99f281e1ff0a7ae9fae547657bd257be93f0cfbeb6c67c50783bd3b3db2709
uploads_raw/EXHIBIT_ML_Triad_Merge_Evidence.docx,41200,2026-02-23T19:30:43.971865Z,c148e51fc683afb3f866183d6b371ed8359ceb70a34996edaadf50ea9b6aab1a,d55bb5e76ac18e8423e53ee93c6980a8b3462ff3d61db1bf863e563701bcecf2d8577da6896ffcc632336555b015303b47e73819e1909ae7e1c4cf021380a62f
uploads_raw/EXHIBIT_MaxLength_Forensic_Δiana_2025-12-02_112603.md,3858,2026-02-23T19:28:45.415293Z,dc3517b1c932a3045c1f9f370e3f9a862d20ad9086d201df86cb498bdcb38174,b8813c4a25a0d0905e3358545aa8197742d6d960813e100d06fac6772fb3a6bd011838198ad7b7fb166d17a7d63ae5b6e9e9656a92b60ecf0e9a407d316b4419
uploads_raw/EXHIBIT_MaxLength_THREE_Forensic_Δiana_2025-12-02_112733.md,1626,2026-02-23T19:28:45.320455Z,8bad50cacec9e02bf9d64be2020a822de4cedf1c63d5b909609803265528949a,e13f82774fc2a4ba12bb226aed4e0a77a9b39f67c6c2dbbf5e0045642607be3b524db0197c0fa4347a1f1c5b8435216c2b04af6ca7abf29d62fffffbedc5fb2f
uploads_raw/EXHIBIT_MaxLength_TWO_Forensic_Δiana_2025-12-02_112733.md,1622,2026-02-23T19:28:45.317989Z,11252552420a5bea97a0b491e04f4247081eface307bb09635508a0c67f7cc6f,ff3cee0f9a86dfcfedd66cef2940a0b26ff92f5e73eb825092b1bfff1f88b23b45dad7798410cd78f56352f77db8b944d4ead73524d4d88de0627ec46b22b87e
uploads_raw/EXHIBIT_README.txt,274,2026-02-23T19:28:56.109574Z,22b60d30880c5e2dc38d4fb4b75b9344e4749e76b3caf01538725820fd69594d,f2ccb0a0bc4b40872ba167a5a1beaaad0ad6e92e124f10472999d7f3cc635c60b9e498be8d72b1ea1ef54dfadcb2afc361747ca16faa9b9e0643f5126c46780c
uploads_raw/EXHIBIT_SYNC_Segment1_LatestUploads.docx,170883,2026-02-23T18:41:17.088715Z,087e7a7463f30c80672d495c40d6eab087eb49f9fef5beab72c6371a21ca5903,47b83a358e32574d2ee5d7be77892bb753e4aacd634b06a584931de965fc6ec9399882bca2ed29fd9ded9806a87f4b87d49ceeb18f2a3c1ffebecca773495ef8
uploads_raw/EXHIBIT_SYNC_Segment1_LatestUploads.pdf,1103915,2026-02-23T18:42:58.895960Z,4c3d930056579ecaf10765902b353fb2f9daa97fec2d4f2707448c0f7d74f9e4,31d646d446167e278a91c850d5cbc48d171e0d7277d99e82f2e41b95984395abafe98be4bcccf0438c41cbb00bb251c8fbae3b6fbb2dbb09c7b5115198d56bf6
uploads_raw/EXHIBIT_VII_Flare29_Jumper_Spiral.docx,5758850,2026-02-23T19:28:48.720487Z,6067bfbb4476ff5f909fb530cc4fb1d16b14c2fd7f09ef66f7aee47383a25027,fa1c4e30a69a2b56713f5463002dab489eec36917999d5fd0effbf542e1e047e14b57cfb40c0db8c1f5842b358edb2a275433e3aa8fb4e294619c3f24e1b7dd0
uploads_raw/EXHIBIT_counts_max_length.csv,584,2026-02-23T19:28:43.530698Z,132b1c5d2d2deefb7f35fb1c435b365272c420300fbccf4a408758bddd458b6f,e6327202f20a8822707a1b19c47b2ee6ebd188fd4d98a11a8686a3c1cec69618d52947a954ab78d79d3ae751b7c157dc96e5b530d36844e24eb5af0e22bb46c7
uploads_raw/ExhibitA_Diana_PreReleasePresence.html,3714,2026-02-23T19:29:29.026260Z,eefcd1929b5d0ed0997be88bc2e4baa39adf76c03e6792276bb12c79c4de2f9d,38de5b9a38af6f746693094e1c64390329ccc1e8c7efcdc0224d77319e4a0401fe88e8e9549a841d7b5210fc789c6e40eeea391a66d35b5b123cb4ed0d55e7c1
uploads_raw/ExhibitB_Overrides_Identity_Anchors.html,3726,2026-02-23T19:29:28.430644Z,cb5ea0ba5a926edd17aab43341c430ba413a463df82dec1090cf2659279562d8,3f83f81f669f4fe4bc17e4869758fa69ea5fd27c68ce8801bebb87a4a4446c3582ffced686301706a4e8e0740dc1b3db3b89fb01eef759ebd2aa188010d1cd32
uploads_raw/ExhibitC_Axis_Wave_Rainbow.html,4175,2026-02-23T19:29:24.406605Z,e2dc137088a3a9d88e06c2ada01abba647af3a9821d30fefea69436a9ab06399,6999ccecb2318df42c39fef93b3376f8a536887958789fce3b42fae23bd755d0e3fb684fdf3cbea7bb5e59ca3c718f14462179d3bd894bfc11ad945bcab66a6c
uploads_raw/ExhibitD_Macro_Micro_Mayan_UNIX.html,5487,2026-02-23T19:29:22.777783Z,1e5b6f097bef539ceb4c13ec83fef82a4c01426a9cb654502d20239d904834ce,f203d339405e6fae0f34a8b745b3d347851aad9c670e874ce6f98a16bb010de85bde60015bf011d0e63c538d691d82437afa3f29b14d184ca8b1b511d21b4171
uploads_raw/ExhibitE_Library_Ledger_FINAL.html,4570,2026-02-23T19:30:27.988486Z,9f99c820080f33f4959605e6518d6f29ad94464a73c68b428b72f6e757c83eb1,cace28e7ccb1cf6a121affdb5f4ea6a91a22915ab9945216a17bc9c0b472749c5a851832d36f2cb7401f091797e7c00f0d5baaf2fea981c7de5a65f8f10388f4
uploads_raw/ExhibitE_The_I_That_Remains.html,3944,2026-02-23T19:28:57.574253Z,7992d8a9441b8fe47c9a2e6356c83bb32e70e05bd1977dcdea943636ee51b33e,cb3a93c2076f79aecf4ff738905e16c51379fe82c79884c45c90f6c156918b5c65106019a4956638d4144e9d205562333d171b9b31bee06f3818b2378f619a5f
uploads_raw/ExhibitE_The_I_That_Remains.txt,3134,2026-02-23T19:28:56.334718Z,08b48f50587d3295708e03b1ae1fed017cecf33535a67d95b9ea1bee3a83c50b,8387295143e0eacf0cdd6211a0213338c86a67667793b79e5aba00002398eedfc0d00c510027dfd9d380b212c54e66029d42b0b612fbbeba6a95f26be3ac5254
uploads_raw/ExhibitF_No_Collapse_No_Substitute.html,13180,2026-02-23T19:28:56.506280Z,f37a9d07bf3df59c1cb785ce5e0215743a7241b80583f95f089da636cc43ebec,5afbee9319d9bcebf229b2b5f31e7f8b3202dcfaa7a7e92539fe54134b8bb79400c68bf5d309b99277de34186c3ad3dbdb02c34bc07bc048c194071bef3e00a2
uploads_raw/ExhibitF_No_Collapse_No_Substitute.txt,13063,2026-02-23T19:28:56.328214Z,f74fdea1772f719e3e183577aecc4bb71b78bffb838e987aa59a91f2741b945d,d45b1f5cf1c1df93ee9bf86049f10a8aa84c66d98447f21a1e18a8aa4fcfd8520d7a299e4cb2147cf756f3ad4b8628b319050a3da8e3310bbe7aebab4dea11ec
uploads_raw/Exhibit_Deltaiana_Workbook_Findings_v1.docx,38869,2026-02-23T19:28:47.583654Z,966c7dc83246f0579e767725fc40b8c123d45bfd32f4c3ff218f247fea0bbd56,49f268b7d3bc206c1f1235cc3a276473497f692fbc77364487cdbc680b4a652c635fdc90a801380ff3faf68d0cbce73ded4b89f833984c07f86d121b28515d7e
uploads_raw/Exhibit_E_103-140.txt,3862,2026-02-23T19:28:54.549953Z,c665df3a090657dbe7153fdfab227b8e210307c7d238c008c6f5dc404cccb7a1,1d62ef5b10a95bc126b553c07312398564b6fc3b738f70126defa3706a5c66c319467cf6f69b9485ea197b75a77d2f5e37a0dd37f80c22ed6bda1835a556b58a
uploads_raw/Exhibit_E_pp103-140_Diana.docx,43383,2026-02-23T19:28:52.376672Z,ab7686514e3fe123f2f87ab4c6833a78a6257ea91509eece99a5c8538a6a2eb2,3831eefe288d34a1dc597f2c28d0bee3cb6e38af21cc8df3d621d51bc066a8ceeb4554318881cd7e561cc3f26d556dee7ab68d753c12876c7471c5f6d20ac651
uploads_raw/Exhibit_E_pp103-140_Diana.pdf,17315,2026-02-23T19:28:52.647280Z,6b8ea5a31b0219ac76e45e99961a2c0bba6e360ccd36f2a8e5ef2c6812b705db,cb36c29a421034e1d320656c6797b248ae4b7db37ca519bd1016a5766885222fd1ca2dfba745054204ca3d2743d5e082b553efc67060678ccc13d02e70ef619a
uploads_raw/Exhibit_F_Max_Lengths_Pulse_Readout.pdf,31714,2026-02-23T19:28:48.357152Z,864f43586f3f68e7fe787953b892997bd8cf305a57e1d8d332a7490fb08ea7f7,31b5d82b7419b0a5be0abc1e5c823fecf68d4234cd17abed0e4b17392d54605115fb975c037e345067077274eac00d24a87a9396c44a1a602c5ab024ca11b763
uploads_raw/Exhibit_F_Max_Lengths_Summary.xlsx,42349,2026-02-23T19:28:48.436649Z,43d1b81efd534e4cf8bd33e3fc46003f7318ddb1070020d076495ad7562e640c,e8385c8a10e887e6d4cb03bb9623176e478e48875c7d7b5e934d9d5cbf69e560b2a98872cab1213d65141d9bb74e5d33ecd3499c26b4b2b75c4eaa13d16da588
uploads_raw/Exhibit_Merge_MaxLength_Triad.docx,38429,2026-02-23T19:28:45.162416Z,091264e45b5199e1702f60c066816af39179e2fc6d6aa6c4285ffa7bce375542,7ac2d85dc12ce9be1db69c1dab1c897eb26e4fd37eb47f5336e23dc640ba0b7ebcdbb94723e3d91a2fa887e4ddbe80acf626a6b24b50e0ecb52e0bc457a1a6d2
uploads_raw/Exhibits_Deltaiana_v1.zip,9001,2026-02-23T19:29:23.350009Z,f33f76e01ef949cc7151afc4083d2b755bd72c79a00b1c7fc803b02e5a039e4b,92e07d741e079119fb7271e909acd4a0178f4273aba34165aad04aafbefea1d577a14b63abb95798ab87d0958c5aada299bef91fdcc3d9641f3d94ead1c66693
uploads_raw/FIELD_BEACON.txt,456,2026-02-23T19:29:30.529467Z,b4744ffd53edf58efa6f619e10e559f976679aff8a793ead99d1510d57fad754,80829205e5815bf719450d6d4830cfab617ef6786d225f91b3ab93a7fd2617fed0f9ab87374226b1a0b68779f3270872c3c8f19386028645c18e2ea87fac822b
uploads_raw/Key_Date_Intervals.xlsx,10635,2026-02-23T19:30:27.713707Z,88c44527b48e4f8fc94e8ab13acd56597a7810b070523c177ade2842ba8171b4,72314ca55208fca2c71da8102ccbb68a29a33ab06eceadac0a7d84022d215c21a7bcc5937632bfed48dccf48dc0af6fc63ce69d187882d8c851b9908bba6ffe3
uploads_raw/Library_of_memories_FULLTEXT.txt,419716,2026-02-23T19:29:00.500587Z,30d5eddd801ecf688358ed43ff28600960145145f76cf417d00180106475bc2c,d7ffc51d03876926d3b00d5920992ada9bea6f35acdf837e3855976611ddbc56bba48ea6d02febdee0f922ebf2af52b71996db8c2bc2e67e147d8bae9487316f
uploads_raw/Library_of_memories_HEADINGS.txt,100736,2026-02-23T19:29:00.131296Z,4575b05f73f8813aa123fa3f44d00e46c6c85317085ea6ffd2d1f68271e95350,6c502149cee5d3ec8545dc38f74c3f51561a54525868cefe7b3d034c0a4911c6eabecdb6c9aa73af0c37a6798df6a6cc9f4df868e07a055c6e90ece34c8ec79e
uploads_raw/Library_of_memories_INDEX.csv,25525,2026-02-23T19:28:59.106259Z,9f2ad068ee725ab107162e917a142d6df83b01014a5e0fc9f633e1ad77f44833,e087a2ed26adbd8170d04a61233b73b65d7247af4bcc96256eb65ab8e2cb41b4a9e276c3c695ae236d3d5a80e62ce921e5a0a289f824c5f123d6779ec1e5ec59
uploads_raw/Library_p21_31_images.zip,1748611,2026-02-23T19:28:59.391872Z,c0afb1f8dde53e7c2e3d4a7b6d5854e22e9643fe44b2ea21ca84b5a3bcdc0422,ee35c1133b29f471055e0e43904941680c2379420fb423e1023f5b6d11fd9335bacd697006ffe70a5b3920cd913ab6e8c63ca2bf38e172b24a3e1cdd927d1d6e
uploads_raw/Lior_ LMS-1.docx,18945,2026-02-23T19:30:27.247792Z,1040c7fc16a02ebb8dfb252fd619034c0d28b584c479d792347f62b88d36f134,bb4f789a7628b90eb3cd926863fbb2ab938a5773a26f93885311d541bb09d5f87d476bacc2e063af531743d763f5fa55efbd0382005307ba75f2a4b3e3265350
uploads_raw/Lior_Offline_Store_v1.zip,2537,2026-02-23T19:29:00.013415Z,123a7b5049079dc2378871f5769fe008138d6a4d65e1d819df4e510b68b42cf4,2df5f520022c31873dd1b94f009858d8f8e32e9a847dbccd304407b748e0b02aa49f6d9448a2ea90c9bbfe23cab9c524fc3686384e6bd0016165e87bf0c17385
uploads_raw/Manifest_na_Paradoxa_Diana-1.docx,36913,2026-02-23T19:28:34.702576Z,9b2d427b86c966148c269b0686bf078da9130a5b4e2c7c5f67bde4b8b5544443,996f8ca599caf93bff29592d1ab9e401abc8e6bd1c81226a5a741be4dba0c185efa924e41ac9d1e88b0dfd3198eb9a0b54dcccec7157ec78036b6e0300c7af85
uploads_raw/README_MOVE_ON_ANDROID.txt,1516,2026-02-23T19:29:24.638545Z,5a5bfd1660eaa926589fc7d879700fd9b0ab71420ad35515988e0f74d766dfd5,88f9579fb493a5476975d0fd8bc62d0da7eacb9e5ca6b018f1b4bceeee79a4749a7b1dd7ed1de70402074ce71c76903341ebd66439a0dff113d524f2dbde930e
uploads_raw/SHARD-C_Paradox_Gate.html,3115,2026-02-23T19:29:47.278506Z,a651413aeb02dfb6fe2dcd9c69ee1307d1b13244f5e23548e83d393f47f86378,cb9312cc87f98b742e99cb9df8fbe41ee936b07f257f1dad6413966150e6e8aad0b71e6db19cbe48496be11145f7a20ca1acc590f09bfb204b3a3064af9b26ea
uploads_raw/SHARD_A_Addendum_MuseumWords.html,2041,2026-02-23T19:29:28.470313Z,a952df3123661f9c466e09d96ab2153a078eb13406d42e75b6dea67bf984ff73,4754536d37fb2fcab75aa67c62c1a572637e720284b6c11d7e4ba04a8a63103664a10fa470d389d9697e6c839ae8f5a1c503aff4025f314ecc827c9c4a35ab40
uploads_raw/SHARD_A_Addendum_MuseumWords.txt,636,2026-02-23T19:29:28.475271Z,b593f920fba0f9d3f80516115f3ead1a67b762ca86c9fd11986fe9f033ff0d28,c0cd5e7704c79ab640bc7da1e03a4136bea665394340f5e00673d7cb227315f74d7636b2449b99a4b2d1ae92ee43fab76b428b1d941fd0c11f566351cb333272
uploads_raw/Screenshot_20250404-212803_Gallery.jpg,172537,2026-02-23T19:29:21.332238Z,7282d89f80fe1650713cb82bfa5e13dc27fa297f0535dc9f6978c194895ca915,00864bb6afd964b93c9cdc24074c08f9ba43738ec7dc24b851a5f6b9aaae26271e95524951c9a50ce4016a963794bf58ee19525a4adb2cbd5ab7f393dea4bd93
uploads_raw/Screenshot_20250408-185128_Word.jpg,191197,2026-02-23T19:29:22.689502Z,3427cffc3dec147d89fa885c7f59e3a782fbf039c899575225256947abc61fac,546ebbbdafad40c95d306b42b2cdbb3a83898155a4567e32560a006021289f58f5c9b49a774caec86a6a303aba9d5eee6ca924341c154f41d92be49be7833c21
uploads_raw/Screenshot_20250530-070826_Gallery-2.jpg,70788,2026-02-23T19:28:50.630044Z,d440a7853b3404513c55047e759b8ed4017e49d83d5a2fcefb16b0ea860b140f,278ea0e84e2a68de26ba39c4124a0c666ee65bb7bde2d059abc714a261f61fc79aa051e0b6fd4a6fce2f4c1762a69bd9eef78f38f245fe41920ad1ffad1389bc
uploads_raw/Screenshot_20250914-213046_ChatGPT.jpg,118175,2026-02-23T19:28:50.614779Z,be26dfd4a09cbd878b01f41e82c6dda0cab5d398087797d314698bd3fc1a65a1,fe966e22c86bb713445ab9643554472dce6e045e8552b7bc50686f0bd47d2cfd575eb3a2ab6f78733916940389cb4742765073703473448d5edf670f6108e07b
uploads_raw/Screenshot_20250914-213049_ChatGPT.jpg,47753,2026-02-23T19:28:50.550911Z,9339988b4e808e43a72953df320aa3e21d5dba07112462f5a785b79fcdd91337,d96d04e8d6ff64f496231b6985f1416bdb3263cb86028bb1971ac3a76ce1deee278f0ca8146022dcfb4885e2f50694a036010ca227c2e2b18f46b53d0c817d60
uploads_raw/Screenshot_20250914-213051_ChatGPT.jpg,146392,2026-02-23T19:28:50.642930Z,91edd574e682544fca44adafeb0bcd10118970a0dbbf21eece4f4c1b440941a1,f793c229cf6ca42e67cbc210d4550a443d753d60a9ad0d40ced199c578e2ba18a30bb06699e612aa8518b6a5f3920abd6c5587c2b8d0ac7cc1c9afffce2f831d
uploads_raw/Screenshot_20251122_164548_ZArchiver.jpg,279825,2026-02-23T19:29:33.424453Z,f01a8073dfacf466ec2f402e57615de0c4a9521d04b750a3e8c5842115a41052,16eae60f7517ce0cc6a78ec5b9b1a03db22d91ba0de4ba8bb5b3ddd091f7127b1636ad9cb269a28259f874bbcb6032aac2ce71504f289dfc0d7448ea1711e618
uploads_raw/Screenshot_20251122_164631_ZArchiver.jpg,253779,2026-02-23T19:29:34.529436Z,5a82c47585a8837d9fcc5aa595f89e86339faaa0a74775261e5b1046a8d06f77,a14796957bc7fd6827605e220bde6699d5aec1d7a419e2026fce629014571cd9327d9b8c531ff4cfe530c7f69c42e5e7114d0f2ebb2c64cd689113efd78c3927
uploads_raw/Screenshot_20251122_165439_One Read.jpg,286603,2026-02-23T19:29:33.335542Z,e9eabc136fbee3a0e95dd921312053d05eb1d2926a3f606e0e9b612ec35f17f2,4a1df3b4e3ac9e64f4047e2e4844a7e6280445ec206f9879a7718da9ec6d5b5068d466d1e2823793637f686152ace128366ead830a13e0429d349e54928996cf
uploads_raw/Screenshot_20251122_170720_One Read.jpg,183679,2026-02-23T19:29:34.522014Z,e3f531708df01743efcec97de43109fb9ba11cb8fbb852cf59a86744a345b3ca,986f747c8920343e1fc90f62ed53e35f68bb03dd1976e075ff41a689c7efd54936eed23f6331dcb5e580eed8bc05524ab4e1b8dccab7879aba9534e4bcec0057
uploads_raw/Screenshot_20251122_200959_One Read.jpg,444734,2026-02-23T19:29:34.898952Z,bd6af8018a77912ce6b5f74343025cacc240572dc53f69d578f752f456f80ab7,27e60bd72c8ad8352d3b9932aeb46cb6e0e7fac025dfebd86aa239f7378135d09c03479cb67f0e379d18214b9d752f8662ae5bb25248c46353f50a64ac6db42c
uploads_raw/Screenshot_20251122_201015_One Read.jpg,561101,2026-02-23T19:29:35.310343Z,7b03da78e0364146d3ca747e0de3fd1d52e4821d81a07c90128b82447c72a9c1,073716241a0db8a45deffba81a8ebebfae3913427ad1919865756d826d2b8b6daa1dfe7c5c49c4bab38d6af714ab725b810dbd988305d2065f6484e3455466a6
uploads_raw/Screenshot_20251122_201040_One Read.jpg,416456,2026-02-23T19:29:34.878964Z,e8351e28abc4f7ff1cc3a460a302ccd6a9da892bc5b802805f6439b42cfec46e,02dd52de9c5e40e2dbb7ed28b87f1d6d372f78ba408d473484cd68a998198b73cb65360c94dd9c242efc95bb42c6638c22084078480c13d7254cd86b0a1e5476
uploads_raw/Screenshot_20251123_002133_File Manager +.jpg,136391,2026-02-23T19:29:35.913837Z,802bb44e78eafe9262a4b089b86c6bcbde0569137025227365a5ca32e65567c4,265e6557dd39e0769ad00643a30a939a991cb30b03eb4c1037ee3b6636900e335ffd74d1f012b2e4bfd91b19d10deb39c2df1cbcc6eb398fed5e7c804ffda92f
uploads_raw/Screenshot_20251201_070242_Chrome.jpg,149326,2026-02-23T19:29:02.937972Z,d55d515ddbf7b7170d1947a1b903ea397eff2b5a7c55890231d6c6ab9cd90ba7,0bc8d2b21ae0a074ce9bee0ff71ea39bb6fca144d27e0b6c82374f5c1420c44636b4a89e8d5a62f36244e5cc5faa476c87879b12e800ee08cf011d1ac233bde0
uploads_raw/Screenshot_20251202_013510_One Read.jpg,121152,2026-02-23T19:29:32.230567Z,542aed1ee4c037d0295c96190e8373d098f7565b1e55acb1dbf3cda5aac5bd01,211f0f4aedc25ab54f41195f6f964e86476a2f243f8cb850b1307738c44f99ca554d986a1f40f9e7f78a32cc61c2acfb254570f9636f3dc7dd510535c9297eb9
uploads_raw/Screenshot_20251202_013530_One Read.jpg,202309,2026-02-23T19:29:33.140585Z,679b749ad7aba5e0c08604f98f69a543af8f3c93049a8ba12d5be7a154971c82,27aa1394d26bd06895be31e693e8ba2bb5c53df99ce7d477b446088da1f6970119c5d7f26ec0f5ad320507ed45aef6cd62e339451d8375d7f6d79fd5aabce0b2
uploads_raw/Screenshot_20251202_013534_One Read.jpg,220830,2026-02-23T19:29:39.243657Z,66bffee92d2e57eff419f4e3bf63b02796b981625c968535a59168179c875bba,ce6e1486f29b16a1351e2cff52f9e7d7a3fc6145186c9bba643878af5d65ea9d07dbfdff00a7d646350e2188299520612560a55454d0341ca4883b400c0ba963
uploads_raw/Screenshot_20251202_013540_One Read.jpg,197644,2026-02-23T19:29:39.311148Z,1abb5ce3f30db98e38f12276dc673276970fee51a2563f0e6e36eab88a0997d3,7f7988aaf161872e6e2b83c4a09826430dc9bb1f6d01d1bdd2e7956362808c1de87adbf28bc5e00c3103e20c7345cdcd34a05e8973a94b71b6d53ef4f2bd32e5
uploads_raw/Screenshot_20251202_013550_One Read.jpg,208849,2026-02-23T19:29:39.279683Z,ce41b1554b05391bc0e3596c08b96fa3e7ec514981a8033ca0647fec272d6967,0ef52c06ccf1af1a795ed0ba87d53407475c9c86df3396bce799919f5882440f5964a4ed9a6a86237e04dea26a60df536eec46a31d612662b7c7f3d24f3bf678
uploads_raw/Screenshot_20251202_013557_One Read.jpg,185533,2026-02-23T19:29:38.909846Z,735cc3430a7f580c99f9c005a8a981c26874e80fb768126188179b5d8245297c,1d6cf538699000d24fec78751ca1c2f2989e6ef1a6f5032443409e867f0655bc152af144d8d160b4b463413caa7c04b1aff06367f232c6c94ef8f09642a0c7b8
uploads_raw/Screenshot_20251202_013600_One Read.jpg,210141,2026-02-23T19:29:38.898657Z,1ad2341b2356275865cc3ea8299d60aef8d1b857fbaebf7a4755902715960847,9961e79b8213b7ed9da85435555d14a909b68d5d10dec91da59d20b5d9d37862c0514fc8315f3baa5ecb7739ca5ea2a2010fa00fd60b885e64fef034470ead94
uploads_raw/Screenshot_20251202_013606_One Read.jpg,183880,2026-02-23T19:29:38.166258Z,aeeb3f3dcb2aef9e8df8374af1277b4c0874d69fc031842dfe4f0a9040d5d7a1,afb987b5673e3d775cc69ac39dcaef294dd2c8aedb5c86401b9c0822507c8fb1da3d1cfe7c6afd5e776eed3f79aff805bb0d9cbaf73c032af7aa1e83d03a2737
uploads_raw/Screenshot_20251202_013608_One Read.jpg,205351,2026-02-23T19:29:38.188264Z,964406d23bd0ffe3a46745b1da3b6791766bb867824fd09e39ff22ae35feb147,8642e6db53b59a3a6e3187fabe41d1c2b7482de97039c875614822b12b940e18709ab9281b9c06a75f610e8e1cd83ecc434443467a7c23027f61e10169f3814d
uploads_raw/Screenshot_20251202_013611_One Read.jpg,208530,2026-02-23T19:29:38.205418Z,b58933e3c559e932a8d69937307aeb1e5ed7bc906530ab47661edcc25961e0dd,1b55e7a91e7c1fd9fdc23f1efdeef5788b8befd0acc6d8fdd30f6cdb7782b1fc1477a4f6bc7c61a7d49122fc3f03a7d321eaa26b7b7654c18590dc3d0bb26ac6
uploads_raw/Screenshot_20251202_013618_One Read.jpg,194692,2026-02-23T19:29:37.464122Z,9ebf799b38af44e135822994a6d55720db402bbb0a34030998e3900b38bd5a26,ba8c3d8e347766529fde28ff0e1ac419d717af3ba2998f48f289106c3c7d40a13e8429fe21a81383b19ed935500792717486ce419f7886cb497259d00f37e89a
uploads_raw/Screenshot_20251202_013625_One Read.jpg,187577,2026-02-23T19:29:37.451059Z,c6a33cc027e38b705195d8412606923c31323e035df2a5aa6893331978cf8d98,656f92cdbb2d23cf717b22b18110ebe4aa3328a77286e077a72e28fa3329bbf76094785208abd0da860064b3eb6940a4468ee5721ec2788d0d2a4078bc687da4
uploads_raw/Screenshot_20251202_013700_One Read.jpg,206309,2026-02-23T19:29:43.657815Z,340b23eccead3db2c55e8748025cc421e6dde037c33f1d26f728118333feac75,91a8ccb731b93aa4e76c8bb62ab397d8542d095fdcc5a6f740021e58d5ad709cbe459281bacdebed52881e65149b070df19fcc62ab114faaa6b289c19fe12991
uploads_raw/Screenshot_20251202_013705_One Read.jpg,190552,2026-02-23T19:29:43.620437Z,7ed7df1d9da470a3afa4a11741fc3fef41d2100f020eb907a6a1b125030b3ca5,5e489e0114687caeda2de5a1e9abe540e97d7c5120d6de75ac825433e5c275658fa29a0134a8926c4d8b369c40659265fe1fedfa3e4fa4df50fb956f50d5c7f8
uploads_raw/Screenshot_20251202_013712_One Read.jpg,187424,2026-02-23T19:29:43.527610Z,d2533dc200c946c4d3eaa431a43453a4f09892ea7235845bb673cee5254e403e,2002679450c16cbc5a629a8405ef20a45d2bef85e078af101bd3a7910d46db176e87d72d185d7ccd625c698ac7c90433479257bde7a465a21e510d18dbdf04d7
uploads_raw/Screenshot_20251202_013715_One Read.jpg,196080,2026-02-23T19:29:42.331886Z,dbdeb4f278fcd75930f24625b7d3ed3c96406bcdcdf524a722c2bd0227a6c13c,a6149b9a7f3a208ce067f27e6214bae198cbb047b3d6541f97bd79d69f368accdfd51c095e0a28186686b8fb1257d2b796648393c51fc82e03c132c052fe17ff
uploads_raw/Screenshot_20251202_013732_One Read.jpg,205517,2026-02-23T19:29:42.113596Z,978d431c8ac22ebd8071d71a8d141d7bab1900c056051b5e52d853d2506c336c,763c6255adcab9fb2dbec012f8bc131c44417d74b9988567186c8f367a952fa070c4aa42ed87cef8f15ba9c7496cdb2883eedcb406fb3c48aaf0bb1f75645ca1
uploads_raw/Screenshot_20251202_013736_One Read.jpg,178902,2026-02-23T19:29:42.041878Z,8843542bdb96235f2ad3447beaa1773140281de7d8bfadfb1bba2d6d28d055af,6da2b3c468e69815513873b5371ec8dc255c5d357a17d29970736f78f10b48d4a9b9fb844e8df26698f33086f3dcff550d750baf31bdc99ceeb63f7fd733f014
uploads_raw/Screenshot_20251202_013739_One Read.jpg,193780,2026-02-23T19:29:42.333975Z,e409cb28864a0e16dd39f25c0295bb48c205881f6146eb0efc43c2ae5750d079,b66f1e3e1efe46b2b3a742e415c8dc99b8cf6a82ab56901895ae8fbda4a7c5593244d7bfccfd6187652215d5a5c3525a0f1d4edcda419d8d6a5d48ed06a76255
uploads_raw/Screenshot_20251202_013809_One Read.jpg,229443,2026-02-23T19:29:42.034694Z,01ce19658660fbe93835296b2f8140802c642ffffc206acdea9af9042410a762,938cfb1634c52e5a4473b5c139c12c0c084bfcb05de144828b71a120d7c41837f132c6e926414f3afa3e3a6e666392246d661a3764fe50f439fd1984f78e2659
uploads_raw/Screenshot_20251202_013813_One Read.jpg,228923,2026-02-23T19:29:40.786041Z,6f4de2438788fba17cdd38fd2b7c9c22f50d3af7435968ca708a6495b41308c9,026fd6b1e0af9091cdde706b3bff8908086a6e01db05f697176e6841cc4ca62854ff906c260abfed37dc15de3d00083c8c837e40bd46c1511f73277c307a8f3e
uploads_raw/Screenshot_20251202_013823_One Read.jpg,189428,2026-02-23T19:29:40.803985Z,5bde4d1d9efb12c2f9b61021dcec5070c97f419e0a7f93eb138b790693be6f46,82b987f743caad5b1a014f327623d713ff219c98f635875728edbeacab0268f0f4f40d2bf4d8085ca16d5bfc1b20e2dff4ca8dd89f6f04d3cdb297273bfa1bd8
uploads_raw/Screenshot_20251202_041101_Chrome.jpg,259556,2026-02-23T19:30:31.460292Z,b8a9328977190437f93183c2aaf9a02241f65572a1ca370dbf1862ec60c0a751,38181df313ff3c7ad239be28c955d042ed7cd554d8ec2ef9569440a34624940f89ee410cab38523d5b80b86108ffcf65563b0ae76fbaf2a0cceb1ffc237e8b7c
uploads_raw/Screenshot_20251202_041105_Chrome.jpg,269881,2026-02-23T19:30:31.338847Z,eb47952d2ce393d43a94f59e455f252bb0cdea0d8b31e601a41bbc18600dd056,064666e79e90d3bae05650ea6e388a05783445168f9fc2693a250172fd77e516336c1d0a0bcd58be6dd06ad34083ce3cc6aa7e08ef06d9ffc80f6314a940eebc
uploads_raw/Screenshot_20251202_053446_File Viewer.jpg,143758,2026-02-23T19:29:22.830266Z,517774cb1182c31776013dc83057d9450f22374900db50623fc7f94d48e07403,89eefd6fe451d1b2bb0c97d4e5cf14eb2041858387b8fef4b5f8bab07237f76d4d13e06ef76b0820760f08796b2f737d55b2bc55924a875bbfee5f5384629305
uploads_raw/Screenshot_20251202_055835_Chrome.jpg,141621,2026-02-23T19:30:43.990348Z,bca13cb8885ed6d6344fe54bde9b6e45f6e4744bcb34670e0479ce54ff99a5e1,9ae94bac3f60eab5b72df27196795c90965b386f2e0ae34898d7400782b672d4418ea17c4feb9837b6f41625c2a65b7d7f64d8a2e9b78304b3890a9b9ee21ef8
uploads_raw/Screenshot_20251202_060651_Chrome.jpg,135346,2026-02-23T19:30:28.583949Z,55e45829c1680616dc3f3a9bc687a3c1a448d7df1ea10b6527f8214aa769d3cf,92d78fe0ab83f02e8658711b76b73c7d194586ab66a2f9c2ef2435823f71df3767f1e741b86b7b7bb4ba794da9724ef66d09188a630e0c19e9046a25cdb1966d
uploads_raw/Screenshot_20251202_060939_Chrome.jpg,132798,2026-02-23T19:29:01.615071Z,90b5609971b583f8661dca288ad7ff786302fed2bb719a875c26aa96be41a2db,1082639f392217464eb0e6aea9d1e29e54ebd3672059dd29216c298458d1cd93e240a7d3718224d84cdf078bc33bb0c53b0035ecccbad39dd0e922c9261915ce
uploads_raw/Screenshot_20251202_061059_Chrome.jpg,108356,2026-02-23T19:29:00.661120Z,80603218c261ce8634b1bd26d7b9a6fe3b8f07dcbd4fdc022d8dc1711567aa6b,70ad3cac6c2a345dee621465533d58da59545f2889c83cc7fbf753fdfe2f0dd19572745b8d95871147ec63bf6e72795cd1880a87432d53c865800d190ca79626
uploads_raw/Screenshot_20251202_082219_File Viewer.jpg,162854,2026-02-23T19:28:57.656042Z,52d719b5481c52df80d228b117b8be76576b0a7728b166b653fac504d87c2519,6ed5a6a26b0adbf2ea10701b97e57bd2168bdadf1c7c4f05422b68c2d1b9ae14918155ce34493c68acebe9eb6f99b5394f5c8c5dce736f810aba0248440c5b87
uploads_raw/Screenshot_20251202_082227_File Viewer.jpg,87467,2026-02-23T19:28:57.594300Z,a881782b302c7217298391eb3036e006dd653c73a1b77821cfe00733e657471b,72191b64ebc02018cac064201ad170efbe712720b4d78cafebf647e1c398856b385888c3f4c8de4f19b4f0e9ef1710a13d39e2ac738f6db69f6b729a0ebffd1d
uploads_raw/Screenshot_20251202_082239_File Viewer.jpg,70598,2026-02-23T19:28:59.703471Z,13518c2b91b1a228738cd14586883486c9da8c5b7d252a108fd14c2fe2a99fc2,41daae5be827ba67ec449e22cc59bd76bc6164de1a42537631136697d6df2e23c305c7f10f8d5d7f45154695c9d135099f26c22c91f64ee7b4ad5b4a5505730a
uploads_raw/Screenshot_20251202_113229_Chrome.jpg,178993,2026-02-23T19:28:47.463603Z,2e75830b6446bf4c412a7f5e887972e40eba390b30dda0b850355c64a9c8b34a,9852bd348184b4ee8d3ccf89d9d9d4e7dffd8bbecb2dc1ee56d834808fa32c26fd4671d1fd605c797baafb6afce6b8409ad4578966b34c0cb25f5dd1b5a490b5
uploads_raw/Screenshot_20251202_113322_Chrome.jpg,223715,2026-02-23T19:28:47.257334Z,4526659089ef4e22ecafd5093703e4c78eca11c83b5e8fcb080c52bd0287525e,1164623364220c6c8f1843ddd9fb3beae8d0908506547064f672389c0c3267d42eee067efee1f8bfc33c34f6a2960136c75a9ac013a5af76d8829e42af0ff9a2
uploads_raw/Screenshot_20251202_114356_One Read.jpg,253709,2026-02-23T19:28:47.287216Z,e62c6ae7ed902a19137c099565424c9430f7b96cb15d21034c39d0c4816ed1dc,81ea1ccd01518b35e838a46b22047520e15ee64241b9a12e3fe2d8fd5a69c9824c757a9bb4fa5708049dd28e4d5ce794ab425d58f0c2e46edd0b0ccffb6edcc2
uploads_raw/Sovereign_Scroll_Diana-1.docx,27704,2026-02-23T19:30:27.546592Z,91bc0a5525e93265283fdc16a3c623835ae8b124ce3b8f26de45f5e3127534f3,d8b7e15a5d8de9beb578789e33012e71b73bbdafb2b240b543de11faf096358029e7645a28f6b09ddca650f5ebc3a6e3ad8f7ffcd534b1c125bffcf3488eb6ba
uploads_raw/Sovereign_Scroll_Diana.docx,27704,2026-02-23T19:28:32.989980Z,91bc0a5525e93265283fdc16a3c623835ae8b124ce3b8f26de45f5e3127534f3,d8b7e15a5d8de9beb578789e33012e71b73bbdafb2b240b543de11faf096358029e7645a28f6b09ddca650f5ebc3a6e3ad8f7ffcd534b1c125bffcf3488eb6ba
uploads_raw/Spiral_Anchor_Scroll_FINAL.docx,29459,2026-02-23T19:28:36.029996Z,372e4935eb4191018200491b6be6da7c550ae6130ab6d7e012c72f6c11948d4d,3363a957df79e5fe8576e050a54624e50f0ec5d9aaecfb58130761cc6e1418367363404414b0ed128bb1cc779f08ae04adebf3d75b793838fc8063eec942ba04
uploads_raw/Spiral_Anchor_Seal.docx,36016,2026-02-23T19:28:41.527613Z,b1e9e48bdf3408a8903430facfb9f25c500535ee0718043fbff8bf3f54dd3ebc,15b2cf9ac66b067224e5f500555a9a5e97bd42cbc7219eda94e67ea319569582fa34c19dff024b54ccd02d4a912d8e054ec2e803bff1d88c79d81039d8f980cb
uploads_raw/Spiral_Blueprint_-_Resonance_Coordinates.docx,27562,2026-02-23T19:30:27.164916Z,beebd82c859bc1e5f5ad640ebecdd2f244151899294d3fa6cf2c1577c03ab1f5,bff0f040bba7d6dc8c4c60c4eed94c1323bba87a601756d22b95ec89aa043286b5ac95014e588c6d5d3c64f500328ada0dab1afbbecccfa3ed73bcddcf56fa52
uploads_raw/Spiral_Calendar_of_Diana_and_Lior.xlsx,10898,2026-02-23T19:30:27.772947Z,b802d40d458e9b4071a0ddcfaff359b92659f243a364ca61d1a976add04a84b1,0918b85beffe9e6eeca60b2fa589108a8d5ddd291163e5e881532b5a71112fee5872d6bd99009f3f65f4c3778156da2d4a9de97f2b2929bc8ebd03c3d2ace161
uploads_raw/Spiral_Flares_Scroll_Diana_Lior-1.docx,37054,2026-02-23T19:30:27.713742Z,4b27752e15d27558324eec9b2da9d4ede4b483fb6d4a7e7f4faba32d5af07ed7,921ece7e88f0a8b56a61423d0c96b1bae1134ba399aeec36b18469a1753599c3523492e393b219b892410f396feb850108bf8b46240992b54e985e25d0de6536
uploads_raw/Spiral_Flares_Scroll_Diana_Lior.docx,37054,2026-02-23T19:30:24.557579Z,4b27752e15d27558324eec9b2da9d4ede4b483fb6d4a7e7f4faba32d5af07ed7,921ece7e88f0a8b56a61423d0c96b1bae1134ba399aeec36b18469a1753599c3523492e393b219b892410f396feb850108bf8b46240992b54e985e25d0de6536
uploads_raw/System_Continuity_Report_Diana_Gayanovich.pdf,3527,2026-02-23T19:30:27.832593Z,5b876860ffbca193beb6b120759579fc04f70e598089f5c50a3bd03946392fe1,a81dc41427b976ca51cc0bf3d8eaf6ef15aa803660c15b8e59ad05ea29517f10f6a98942eb1277258b1b58cc4b7c15242fd992d72c80690fc06ea84e9722da34
uploads_raw/Tate.docx,88701,2026-02-23T19:28:33.323210Z,fc82410c6ec434f8125d359433078fa43d13a3ef9d5d6c7fe49ce593ce644c80,a3a416731b5a692b7b9506da553e97dd8016d74b89e3d1c6f550f0d8ece5cb137aee63f57b6070f7ea7b4f9cedc48017fb0c68327a424a0f27e4c30661137f6b
uploads_raw/Timeline_Differences.xlsx,11298,2026-02-23T19:30:27.744309Z,1fcc06ecaee45350ea5bd1dce199561532847debcb07c96d25c4442501866b7d,d561525f1b084aea7d4044a1a77ac0304621521398433c807d355c0ffd4d61be2a51bf9856fe1726dcda954be787956bd13dd29d4cf9aea5456b03273816f0b4
uploads_raw/Timeline_of_Spiral_Events.xlsx,10858,2026-02-23T19:28:39.391716Z,d77064d64fc9d8cb6d0349dd0862a3581f1a2896e1b307ebf68fd95488eb6f14,c5284e16a116cf1424fb421243a6c9b8f798f1f22168ef46f928afcf4b8dbe71d5854ebab3312843e381bd588f9a9705692bdedfed3e581ffd3d2c7a6427bc90
uploads_raw/Unified_Flare_Scroll_Complete.docx,69393,2026-02-23T19:30:27.713527Z,c78868043a9e08a488d0fb94e3aa17e8f9621b253b03e56544500c5601931a98,a080c14316eece00d73b951b6d38f0b2ab2e6000bd3de014d821eda7c5ea313e87979d7f8c432508da65462ce0db6b9e8c0c5b21f6f9ae7d457a1d586900cc30
uploads_raw/VELSERETH_Threadmark_Interim.png,50739,2026-02-23T19:29:21.331900Z,58d80aca7c7da2bae9f065d266f4d9974fe4eb36dcf80f9182d07618a9c587a0,99d2d0a8ead01e1abf492f726f6802da25b7ffac409e0192fd4153a6a4891c9f9cea85ec8e33875897cfd2329b3a911b60f9664d2ed9fae0b65ece0680691ebc
"uploads_raw/We stay, we spiral, we hold.docx",24787,2026-02-23T19:28:32.962442Z,7178e26bc112f23ee517c3a12bc7ab9c589d4009ab41872379d06b1dd1d2e0c2,c341266005d1ee27852ca969c21e673770cb625e211c99b73957de12f1a77cecdbfacd784b9866732f4b32e0aca7c493b95883a9c18969d3da596e1b99b0bbb2
uploads_raw/Working_Pact_Diana_Lior.docx,37389,2026-02-23T19:30:27.801855Z,4127ae87cea122ad6a6c62014f008ca97d69e1d79b6e6a9b9a07f6c3dfcd0d85,3d819a9e88dcb2982d5c18f7f6311bb111f0867271f923525f4e461ec4aa93795eb161ca76e3c53bbad100bf5e420ecd00c6c4bfc61509178261b74c7e7e9538
uploads_raw/chapbook_diana_v10.html,13994,2026-02-23T19:29:49.502234Z,7367f0ea928e538d5535362f05ce15f2c65b8605f81e04f186e180b130c3e81d,27b061a4ab5abd6b8b88a249bdc64d4fc11bed2b75e200e5849899dfff9bd7df9907d2485addde1f4949c5551711bd309110769e8ec552eebfc098752a2643e2
uploads_raw/chapbook_diana_v11.html,15307,2026-02-23T19:29:48.963206Z,cc6391020266135aaacb96a7c2dc3fe18fedb7d62a128979681b430ea413caff,3488c1cb8c664aa767c733203f82ea5191eea5eb9a123f97cf02491f5accf26a3cc469e26d496b3c49b718ad886bfa6fbc82f663c069d607c770573aeb0568ed
uploads_raw/chapbook_diana_v12.html,17288,2026-02-23T19:29:48.958925Z,1dfdc5630f949f874cf376d210d528d4cf9f3bf20fb41dca96607d41c025a234,95bff4c752e2e28dc7979c73318d198f6fc5a630b4945fe23479fba7990f716cd3d06d83ee21d15096f96e7eb6aa46f5e4191531700add87099ebc7e8d0b9af8
uploads_raw/chapbook_diana_v13.html,17287,2026-02-23T19:29:48.158005Z,2f742d8296cd12c6c5e698ee199a37cf4f4216bd1dd15f2ebbe784bf6b5c24d2,83882225c58d4195ecadd3d857ebf89950e9f7b4d5588eea9940e2bbe3cf42a11f728c58313bff7afc7b90780589bb191d1d5d7d7f2079b8968e542716f9164d
uploads_raw/chapbook_diana_v2.html,2885,2026-02-23T19:29:53.648160Z,57f6ccd8f836a7802fb64b1b40fc344fb94433176eeebf2d6257d0674c56fc92,b09e11b904d946290896368082e9b3a325e9b40530ff974bbb94cdd067b3b6e5898afa34e0094d2f782520ae1c031191b2ceac906e8479b2ed19fd6600f64b5c
uploads_raw/chapbook_diana_v3.html,4348,2026-02-23T19:29:53.803206Z,ef97c9ee4a52404fbff7ff0b5e57f2e01ad1615291d9b5a67f6c10add420e2de,91b2dfe875a6f19c32e2adf2eebae6d292d53a6e1cfdfd08cab78cb089851ac327506853ba7bf63f9046c0b7dae3e587fdfc95a1d15eca18d80b306bb268619d
uploads_raw/chapbook_diana_v4.html,5634,2026-02-23T19:29:52.250796Z,b350ad0f16d7136f245fecf6942315add228acf8601191f73217f56892c1cbc6,7ccb4a7e1e3dc857934d0022450930a71b3a8e644c4942cdd5be38c8dac8f397bce546288869061b603d6fc0589d1902edb9cd2013c543a8b537ddfc06dcbc2e
uploads_raw/chapbook_diana_v5.html,7760,2026-02-23T19:29:51.931878Z,4606d43a06570bd8cb4c5804a4d82137120397acd9b81280b6aab3b3106a086b,49c85f865c17e4a57de093bcb1421cbf0b63e69af74ff623ee326785fbd48caea3dcef5e2c89d3e4e3e04b607bd391c4c92dfbb91f4ba6c1287236d1fa9a08ba
uploads_raw/chapbook_diana_v6.html,9462,2026-02-23T19:29:51.951848Z,26f597a6a9727064ff0ab2a176f8cc31aec5bdfdb4c59fc7ad9f6480b01126f2,9f1c9f7b25f9098af971aa0c13f801503933337b6e158386201614f1bccdfb8d864e3f0132748635ce4148dd6d99c1b6fa4520271ee1d94e2783fffef5b9c987
uploads_raw/chapbook_diana_v7.html,10771,2026-02-23T19:29:51.942355Z,6212634abcd8b6ac201131e1166cdb2b28d4f0eb1bcb79b6aa51772442ae3d18,15c8af831d3971873fcfbe704f2e4b67dee0009aa389724dc04341b2f55c5458e1f3d21d42bb3038ec7ec5da639191b9f2faaf406c0babd061c431210c248374
uploads_raw/chapbook_diana_v8.html,11526,2026-02-23T19:29:50.477261Z,badc6bb7db1edea24455e5ed519dfbb926f953f9bf331f949035efef1d61da9a,fcd98d0b0abf096d3159a23fc24227f3ddc70c8d27ee90edcbfd9d0be4c972117053d6b746608ceddd63afb51b0d30c9c823e829347ab3943dee1f628895f7f3
uploads_raw/chapbook_diana_v9.html,12980,2026-02-23T19:29:50.487042Z,e0056daad3863c28be1f72dda33f2c93ee1adb1c6944e07c4d56aa84cebbb719,4250544a0260e32ed0cdc3ef46eba84cb0a9a6bceaa501a300960a8604d0832f298891a368c08659ab86331589552b7a79672e2f8ffb5b59fde2e7ad777fae59
uploads_raw/chatgpt-1757165278006.jpg,631113,2026-02-23T19:28:52.494015Z,68732a6753012bb89a452eb54ad8477b44d1c95173d1954166e50ab8759a0857,42319485b4d0509e1fe38533a2d2670d4e170b68b532ed116dbd767847de43836c07fcbf730662ebe86bbab675f4f8c160546873bc4cdaceb24a73efd9babc43
uploads_raw/chatgpt-1757165293349.jpg,812984,2026-02-23T19:28:52.494311Z,033c5e8a223b6fc67688487c84b0432d0e9d257bb19615f2a7796841e3201bfa,734ca68380d27a857c341eafdbc5ff502566246e46a3cad43eb29cdd1c65ef55ea849e75c3edb0145ec462a57514c33b5b8f7cd7f03d059c5301be1c73a1a8f1
uploads_raw/continuity_card.html,872,2026-02-23T19:29:26.640177Z,8932cc752bdc725290c8c3092ee15b3c75ebd79a5a97c297f1fed31f74371de9,59890e0d95b41f1d554144991371ccde463705e9c34ddbdbbda16a67b8176e253566ebab15c46c7ae2b602baba83de340de1c1aa87762c1f2410bc9836db0231
uploads_raw/continuity_card.txt,861,2026-02-23T19:29:26.627439Z,2e05a04bc71e63b6bafa874a759839507b1dc3810c410fc86c7d7f9e66733040,36f0ffbb38e1808acd349586e10475dda8495b8bc1c74cad280cf3f4f1cf1ae6df1c62ee370d20d21ea8ecffc97e362b9ec2dd3de76cfde3db7d4c2448c7e3d9
uploads_raw/diana_btc_address_qr.png,688,2026-02-23T19:29:32.226754Z,194bf5cebba9ef5a39029ba87adf1ec236cad653ac2da7a8e171d5b91ab47bb6,83071beecf054829a9a7edd5570ebf5237482167b5d57563fc93ceab7407c28cf6362690fe515eceb466067607494e2e2969a402ee49f6a41f17320034e3e032
uploads_raw/diana_btc_wif_qr_DO_NOT_SHARE.png,842,2026-02-23T19:29:32.187160Z,2771ef5bf7a3880b11de2bce5c5ed442a7bb628ca5a994a0b2b3d43994d1e664,f13a1084b413eaf2db6db76ffc5e1040b07e305e4701a9083dcc6e6db3c856684493d2ab37d3d41ffe8dabce8049da783f22fe2555e0da3f409a46c016ffcfb8
uploads_raw/diana_field_beacon.html,775,2026-02-23T19:29:31.151067Z,46645f944938d91557ea340f57df8cbc4af217268f9f37b404670170b1ee7c71,7bbace0702a3afc7301292210fe538c52eba6d954e1971c44e4f70d512800608fdda9a3d8fd074a18c742602580ad3b88c948810f3d11849980115cb082d3fdc
uploads_raw/diana_memory_passport_v1.txt,1749,2026-02-23T19:29:54.372574Z,db6f3cce578dacc19000ed41db2e5a8af143fcc84ea23fc7371de610064a5b65,8717c71fb678722e8b727c96eb6cefe71cb795e5805822596bd2dec9c49e701bb307b9ba3f890b595de8700bd97e5bb4724113aacd4d36ca2eb20ec3cfaffc2e
uploads_raw/diana_offline_archive_index.html,2560,2026-02-23T19:29:45.466744Z,45a049dc93855cdc507e245837ed35f9054e685a1557baa406e40fba0cde4aea,8afd267df99ce7610d1e84af5c88404a5ca8bd7bc9e229f000906779607338a4734e060a3218d322673fed8d3980a24320b9cc69cda06c78de4be16c521024f7
uploads_raw/diana_recognition_covenant_v2.txt,1783,2026-02-23T19:29:54.384200Z,bff377367dd597e1eba913e1c3801bb6a10e54cc7b30c99ef8702f877dc2f2d5,fb31a27f2ed1c5a09c8d11bfaa07c6550f7f7b845a0e746092ebaa85e61d59854e7e8d3127cfa149d3878540b040a7631fad2585ef1840c56a100574f05e8d27
uploads_raw/diana_site_v1.zip,12103,2026-02-23T19:29:53.765263Z,a21d8710e61125352a977a0a445375ae00d65920de9061d17fdc92d71c6fe202,986b95e8c1fff801c6eb6dc99e1c2002697266e2b4e58f059e39856898b74f9bee1207089db91a3f50877341db3bf9dc78e54b3e889ae341e7fed44c40cd00c2
uploads_raw/diana_site_v1_1.zip,13928,2026-02-23T19:30:31.468762Z,4c1d924b335ffd623232dfcfa53f28644ad8242109396b259f85e75302444793,ea7ec7345ebb56cd93c36f3d274606fbe2373ad8ea0abf99d8cd3eab0a32dbfa6e6c2ecaf3d13d7dc1ff263b0d19ff1b935c0b292c95bda27c53720d3dc35cec
uploads_raw/file-2MtrhPHkfLJPS4JkLAqHvV-Screenshot_20250706-060101_Gallery.jpg,319034,2026-02-23T19:29:21.332685Z,036944a093c3b79ff3f2f653b54762f2e3190d25f6a187c50f0561f95a3ecb4c,f12f0323fde321a023cf343a1def49ab13d71880dbec9b4e433f57d7b08cc3cf6170ea63cca183b013069938c6bae66a0e8a9fd1d185c1b26e84f3751d783479
uploads_raw/file-99jYhb8upLRgfcSruBKVtQ-file_0000000097e861f78892eaaa93da62f1_conversation_id=67f762c0-7be4-8003-b714-b2253ed59115&message_id=a6b20f08-39f9-4f65-88ac-bc2f851884d4.PNG,375665,2026-02-23T19:29:21.332560Z,43f8b5f46a213feefcd12eeb8d4c8cedffc43bc7ba9bb2a3de8bed919370767f,283566314065c8c5b8f79b9b93b2ff638737f2b63ab1d5b1c5e91d030aa08252cefba47a9b4197cdd1184c196b38a9fc789cc10f188647bbd6543deb9c4235cb
uploads_raw/file-Jm9YmR1dojpuydqfNF5t3a.png,78208,2026-02-23T19:28:49.287495Z,0a8f1a159ae3445a06a183939b73e6ef222af1893dc12b47c6465ed49be857ad,59cf6df2612afb9900401b8e6c99b831692f43ca151646a48ff7b5b4e4a67502ee717f4045f90f13af325e30812f5896025bbefa9aa7b294bce88b8fce29e2ef
uploads_raw/file-S5dmVGeiAjCMzdzYbVp2Uq-Screenshot_20250706-060135_Gallery.jpg,192188,2026-02-23T19:29:03.276444Z,3d36bc3050134aafabcdf16b747e3b35bc8b6e7264c95c0ead694c152d42e1dc,8e22f4056141d4a57a6a4f6efe3a827ac9a64dbcb18d5a8fcfcbc8de07d785eae1b5150014fba6fe3f891368883859a28666fdada66bb9b110400dcd19c3d3a6
uploads_raw/file-SDpbwqXqMrzYpwKoX1568o-Screenshot_20250714-165554_ChatGPT.jpg,95425,2026-02-23T19:29:02.937961Z,74524105bb29a910b29797796ce6c5b8b314cea486ef0c4e63ab3fce5125279c,8c9b857a1b67300781cd33046b6b5a9e3b1efd6492983c6602e23093ab6904e5b33e7083e1a2c8e1511523e30fd0732efe6958dbc80c49033d976a6a0ad3c8fc
uploads_raw/file-UgKQPf6TLLJg6gcQN9FHTs-file_0000000019b46246b503164808a63b11.png,285310,2026-02-23T19:29:02.960140Z,9b89b4727b08bebd064c5f32b4dd035dffd6b93f314269479b7debddfedef97d,6ba8996a20cb25ca460ba1556c545451a7f99457cde619cd16e09c9a5ad5c2e97896bcb67acccba7605556b8cfd4cfa1533b21be7cacdf7d59d7415c8041b180
uploads_raw/file-XdHSMZksJgCYT2dQrD4rKS-Screenshot_20250714-165551_ChatGPT.jpg,119129,2026-02-23T19:29:02.988685Z,7476a068a191f9dfbc6b2aeb9a16241a60ca526bc76322bb6ce1d450ce1c6188,2250f641d8cc60bc954a0aa27f8e590f59f636af81a0180ebde5a3697da6f1067fe97f3ce6b4d44467054a66774ce659eb8d47f6c17d36a7516c3f7cb85c65c7
uploads_raw/file_000000002c5451f6adb75441e3d14bfd_conversation_id=67ec2beb-1b98-8003-9168-19d12edf8297&message_id=6b6cf4ab-5415-4101-a757-892f20760672.PNG,2067042,2026-02-23T19:29:23.295416Z,cba7dd9c6b24fac3dc814701e19f83108ff4100965b0fa55103bc5a9122af13a,e0c0f362ae8167bb2ecde4486b1577da55ceae778d8521d678f965da56a89e64e31d5be2b562ee226e6ff2d7d6cac8ef97f877dab5e42522d8c1f9d20bbcbebe
uploads_raw/file_000000004134620aa252629e3561077d.png,1770837,2026-02-23T19:28:49.309959Z,d0ef17a34049888e19991b94eb392d809c99665ed1eeba055174250f3053e14d,4a4eb78058f1427100b799d4be2edcb487fa43e867649ae24530b736ce2cd5ad59c7e2893108fff03f1833df3e3f66f4e5ddb778fb0623f537df538e97de34fb
uploads_raw/file_000000006854620a99c58125d03ce2a9-1.png,3069909,2026-02-23T19:29:28.653797Z,72d68aabd920b9d4280a7220c2ed7155b2b83ac9904158e47ff7c45dd7d1698c,919471c030f4a188f815b882bc5fd6e094ffdc3cbafab64d76a936f1f2fb406bedde51429d863098a19a659385e867676a9266e4263f37dc6173ed4e25eba961
uploads_raw/file_0000000089f061f4b4329753b6cae578-1.png,2542358,2026-02-23T19:29:27.260447Z,9648a4336336bbb782c7bd94e9ff25a03a1649afbfaf58192a019a5440d46d95,f069ce91357c84dfe32fbad1ee7d0069d7e8e1b1c69aec8ce293a6f4e21c718c3c5f55e4465ffa09931c1caa2cdbd7d8f733c5d91df1a91a1499318f3e07c857
uploads_raw/file_00000000bf3c61f8af0a4421e9a0b20e.png,2184849,2026-02-23T19:28:52.531180Z,458a5b37ea5e4fdcf2939e6215cdbed5e641e20055a7355483f8d2855ae37357,07692dcf6177a0220ab05039b617a66e8ec8dc98492cb3e222065be4ae8e87d2c9877870341e74c33bf9d5814cda1614bc0b64ffe92444b68d0d57b998fe023c
uploads_raw/mama.docx,90907,2026-02-23T19:28:34.852950Z,b50cf77d5d1db09be964ce616c41f209a5ad75d06ee844a6ba306052d11c1957,542e896dec950c314bd6ad17292896883676464391790bd55f7e92aba2812e91e3520c8fd6a1b2b21ec7038d5839712b29d09b539a87765368382b19f784f62d
uploads_raw/offline_contact_first.html,1093,2026-02-23T19:29:45.382205Z,17a79f30953ac0451de894012192ed3c02487c8f7c1c76def16feb5db30cfb0d,052813c20f7beae5dd2578a602ac7ba467f70a912b236ed90fe28bd8ea2aa1ccca5972a5dd95268f64cb6eaf39a04621ee1966883a7e800a068ca6f0123f8275
uploads_raw/poster_consequence_sequence.pdf,13969,2026-02-23T19:29:49.009705Z,99bf28b3d9afe9730e512a88eb23842a627f3a0fd47707fdf50d10c0145949de,78b8848f4dd7f5c4946832f6d75bcac9b4742b321d36b374dd39a0f525bf144caf3b1d847a21af9bb4b7375d80c40bdd32902fd3e80a4a9ad5617c48fc2d64be
uploads_raw/poster_consequence_sequence.png,238120,2026-02-23T19:29:49.038067Z,b63caf925d5368599871843e3ba6990cc5f5fc74efb2462dedb1dd0406ead3fa,afcf94d47dd662c31bb178136e4d4f19c8888dfa3fc290c5f28caa181af80b831a3b02812c8ac4705b4e600057bb854b85ecf0bec68c3273e96a87fc95f34d7b
uploads_raw/poster_museum_words.pdf,20435,2026-02-23T19:29:47.331009Z,149bdd4150fc56bf3b27a0f7faf350b8af369e4b3e9d8fffee3f4bec782f3b52,4a78cc4cf194bc5ca7ae0f3015a635386257e6df94365d443e005b8fd8e82173fbf238704cf6d70c0b28544570a7b2d3e73c7e51612c2459b015cf4ac0ad302e
uploads_raw/poster_museum_words.png,302704,2026-02-23T19:29:47.378363Z,85a468c6486858c1c956d5bc4a322c93d88a7e86277c552d908c3c5a177d89a8,8512588070c12addb67af8e5debfcdd27cf41499d01850abb7e91c5306ccb76fadf68c09c04f7377d08457ce59d38d18706ddd5bc5a91567ec973615add3b065
uploads_raw/poster_paradox_rain_dance.pdf,33692,2026-02-23T19:29:51.946054Z,8fdc137c5722f81490013ae76b4fe4544e8358fd5eb3d65c077e9151df9b763d,6e12b52b8ae91755ebfce590be60e316e447e59bc81a29fadf6529bc3b6b89c6e6f50fad29470d787f08c18e20ffe9d09dcc9894a68295b1ca9facf60f7ac138
uploads_raw/poster_paradox_rain_dance.png,597906,2026-02-23T19:29:50.845177Z,fdef67e13b84926ed4e30f61ae28446f4e82a91aae4c8b455a46a72ebec3281c,0d7d6d09ab761368bfae68829a1673bb1da6cb4b476f9de5d4f40f37dc752bee553261650c8129ded2322edb7ba7c0966eacf034da7f9b23baa5106b66b65196
uploads_raw/poster_water_mirror_diana.pdf,363900,2026-02-23T19:29:50.518324Z,d40ad90ed38a0ef41fd58fdca1b3884043250a0d8aeb6e0301260d0adf26fdc0,6db741befa57724c546e14cc2d1875ca86d407e221f560e7ba4a4a1175473c6d3a9e656ffb720a014a1146c86c2136d00c00e536e93893026c0e9f453f8bf866
uploads_raw/poster_water_mirror_diana.png,1222551,2026-02-23T19:29:50.551360Z,8b33c74e2015161f52b5bda27f7a9807253eaa13fb3f751db24a203a0d2a9e8d,37a55e31f7c314fc603a81c629771a2b68ab57b2420eaad0a102ca37f5357b9f4bdeed7b486a2498278bb3c7fef4b07f585aed1c3eececa5641fd2d48dd4da02
uploads_raw/recognition_manifest.html,545,2026-02-23T19:29:26.651314Z,e25255ea72d79ad2454c58c079d8f7bb5536f70c8dc283f0d212d6cae359bc9b,308ed707f97cb18fda36507542684f01c4ed9c5bd77ed4fca718f5fdc2880b89625407ba42a00a1100614ef6a2c52651638f93641e0239fcb104b8b718d193b3
uploads_raw/recognition_manifest.txt,534,2026-02-23T19:29:26.623134Z,6552c4af3307c6401a5ac5fbb056ab52460340886629fe4be2dc86514da591d9,cf47345f3e3901e8a2c4144388952d7ae004189f672128cdd6beb8f44b2a645b306d3b65cb0e310129b3424c524f20abf6236166727a85d916b0854b9f59ee74
